ID,Room Capacity,Start Time,Weekday,Duration,Attendees,Location,Event Type,Is Occupied,Date
1,200,17:00:00,3,3,176,Sheraton Grand Bangalore,Seminar,0,2025-03-20
2,50,13:00:00,5,3,46,The Lalit Ashok Bangalore,Meeting,1,2025-03-08
3,50,13:00:00,6,3,12,Taj West End,Meeting,1,2025-03-09
4,200,12:00:00,0,1,66,J. N. Tata Auditorium,Presentation,0,2025-03-03
5,200,14:00:00,6,3,160,Bangalore International Exhibition Centre,Meeting,1,2025-03-30
6,100,12:00:00,1,1,60,The Leela Palace Bangalore,Meeting,0,2025-03-04
7,10,13:00:00,0,2,8,J. N. Tata Auditorium,Conference,0,2025-03-10
8,20,15:00:00,0,1,5,White Feather Convention Centre,Conference,1,2025-03-31
9,150,16:00:00,0,2,26,Hotel Royal Orchid,Presentation,0,2025-03-03
10,100,15:00:00,0,1,86,NIMHANS Convention Centre,Conference,0,2025-03-10
11,10,14:00:00,4,3,8,White Feather Convention Centre,Conference,0,2025-03-07
12,20,13:00:00,4,2,11,Taj West End,Workshop,0,2025-03-07
13,10,08:00:00,6,1,6,The Leela Palace Bangalore,Conference,1,2025-03-30
14,50,15:00:00,5,2,33,Hotel Royal Orchid,Conference,0,2025-03-01
15,20,11:00:00,0,1,6,J. N. Tata Auditorium,Seminar,1,2025-03-24
16,100,11:00:00,2,3,34,Taj West End,Seminar,1,2025-03-26
17,10,17:00:00,1,2,5,Radisson Blu Atria,Workshop,0,2025-03-11
18,20,13:00:00,5,1,18,White Feather Convention Centre,Presentation,1,2025-03-08
19,10,11:00:00,5,2,7,Sheraton Grand Bangalore,Meeting,0,2025-03-29
20,200,08:00:00,4,1,83,NIMHANS Convention Centre,Seminar,1,2025-03-14
21,100,08:00:00,0,2,25,Hotel Royal Orchid,Seminar,0,2025-03-17
22,50,08:00:00,1,2,43,The Lalit Ashok Bangalore,Presentation,0,2025-03-04
23,100,11:00:00,2,2,58,J. N. Tata Auditorium,Seminar,0,2025-03-12
24,20,16:00:00,0,2,8,White Feather Convention Centre,Conference,0,2025-03-31
25,200,18:00:00,1,2,63,J. N. Tata Auditorium,Presentation,0,2025-03-25
26,50,18:00:00,0,2,30,Taj West End,Seminar,0,2025-03-17
27,100,08:00:00,0,2,47,NIMHANS Convention Centre,Presentation,1,2025-03-24
28,10,16:00:00,3,1,8,The Leela Palace Bangalore,Seminar,0,2025-03-13
29,10,12:00:00,2,2,9,Taj West End,Seminar,1,2025-03-26
30,20,12:00:00,0,3,13,The Lalit Ashok Bangalore,Seminar,0,2025-03-17
31,100,08:00:00,0,2,41,The Leela Palace Bangalore,Conference,0,2025-03-31
32,20,13:00:00,0,3,11,The Leela Palace Bangalore,Meeting,1,2025-03-03
33,100,12:00:00,1,3,86,The Lalit Ashok Bangalore,Presentation,0,2025-03-25
34,50,15:00:00,6,2,34,NIMHANS Convention Centre,Meeting,1,2025-03-30
35,50,17:00:00,0,3,32,J. N. Tata Auditorium,Conference,0,2025-03-17
36,100,11:00:00,3,1,62,Bangalore International Exhibition Centre,Workshop,0,2025-03-27
37,150,14:00:00,2,3,42,Radisson Blu Atria,Presentation,1,2025-03-05
38,200,09:00:00,3,1,132,The Lalit Ashok Bangalore,Conference,0,2025-03-20
39,100,14:00:00,2,3,47,NIMHANS Convention Centre,Presentation,0,2025-03-12
40,20,08:00:00,4,1,10,Taj West End,Presentation,1,2025-03-21
41,150,15:00:00,0,2,129,The Leela Palace Bangalore,Presentation,0,2025-03-03
42,50,10:00:00,0,2,27,Taj West End,Presentation,1,2025-03-10
43,10,09:00:00,0,1,9,The Leela Palace Bangalore,Meeting,0,2025-03-31
44,10,18:00:00,1,2,8,Radisson Blu Atria,Seminar,1,2025-03-25
45,100,11:00:00,3,2,50,White Feather Convention Centre,Seminar,1,2025-03-13
46,200,14:00:00,0,3,43,Sheraton Grand Bangalore,Seminar,1,2025-03-10
47,200,09:00:00,1,2,186,J. N. Tata Auditorium,Presentation,1,2025-03-11
48,100,13:00:00,5,2,53,White Feather Convention Centre,Presentation,1,2025-03-01
49,100,10:00:00,5,1,67,Hotel Royal Orchid,Workshop,0,2025-03-15
50,100,17:00:00,2,1,80,Hotel Royal Orchid,Seminar,0,2025-03-19
51,20,11:00:00,3,1,16,The Leela Palace Bangalore,Presentation,0,2025-03-20
52,20,08:00:00,2,1,5,Sheraton Grand Bangalore,Conference,1,2025-03-19
53,20,18:00:00,1,1,15,Hotel Royal Orchid,Workshop,0,2025-03-11
54,150,09:00:00,6,1,100,The Leela Palace Bangalore,Conference,1,2025-03-23
55,200,13:00:00,4,2,187,Hotel Royal Orchid,Conference,1,2025-03-07
56,150,09:00:00,1,2,36,The Lalit Ashok Bangalore,Seminar,1,2025-03-25
57,10,14:00:00,4,2,5,The Lalit Ashok Bangalore,Presentation,0,2025-03-21
58,50,17:00:00,2,3,36,NIMHANS Convention Centre,Meeting,0,2025-03-19
59,50,15:00:00,0,1,16,J. N. Tata Auditorium,Conference,0,2025-03-31
60,50,12:00:00,6,2,42,Hotel Royal Orchid,Conference,0,2025-03-30
61,50,18:00:00,2,2,50,Hotel Royal Orchid,Presentation,0,2025-03-05
62,200,11:00:00,2,2,117,The Lalit Ashok Bangalore,Workshop,0,2025-03-12
63,20,15:00:00,5,3,19,Bangalore International Exhibition Centre,Presentation,0,2025-03-15
64,10,13:00:00,2,3,6,The Leela Palace Bangalore,Workshop,1,2025-03-05
65,150,15:00:00,5,1,106,The Lalit Ashok Bangalore,Workshop,1,2025-03-22
66,200,08:00:00,4,2,132,Hotel Royal Orchid,Meeting,0,2025-03-07
67,150,16:00:00,5,1,15,Bangalore International Exhibition Centre,Presentation,0,2025-03-01
68,20,18:00:00,2,1,17,Radisson Blu Atria,Workshop,1,2025-03-26
69,150,10:00:00,0,3,132,NIMHANS Convention Centre,Conference,0,2025-03-17
70,200,18:00:00,0,1,96,The Leela Palace Bangalore,Seminar,1,2025-03-10
71,150,17:00:00,1,2,148,The Lalit Ashok Bangalore,Conference,0,2025-03-18
72,10,18:00:00,2,2,8,White Feather Convention Centre,Conference,0,2025-03-12
73,10,15:00:00,2,3,8,White Feather Convention Centre,Conference,0,2025-03-05
74,200,09:00:00,2,2,136,Radisson Blu Atria,Meeting,1,2025-03-26
75,200,11:00:00,1,1,77,The Lalit Ashok Bangalore,Presentation,0,2025-03-04
76,100,13:00:00,5,3,73,The Lalit Ashok Bangalore,Seminar,1,2025-03-08
77,50,13:00:00,0,3,32,Sheraton Grand Bangalore,Conference,0,2025-03-17
78,200,17:00:00,3,3,18,Hotel Royal Orchid,Meeting,0,2025-03-13
79,20,10:00:00,6,1,18,The Leela Palace Bangalore,Conference,0,2025-03-09
80,100,11:00:00,0,1,77,J. N. Tata Auditorium,Presentation,1,2025-03-17
81,50,16:00:00,0,3,42,White Feather Convention Centre,Conference,1,2025-03-24
82,150,18:00:00,4,2,37,NIMHANS Convention Centre,Workshop,1,2025-03-07
83,20,16:00:00,5,2,5,Sheraton Grand Bangalore,Conference,0,2025-03-08
84,10,09:00:00,2,1,9,Bangalore International Exhibition Centre,Conference,0,2025-03-12
85,50,09:00:00,6,2,50,White Feather Convention Centre,Presentation,1,2025-03-30
86,200,15:00:00,2,2,146,Hotel Royal Orchid,Seminar,1,2025-03-05
87,100,12:00:00,2,2,85,Hotel Royal Orchid,Conference,0,2025-03-26
88,10,11:00:00,2,2,10,Bangalore International Exhibition Centre,Workshop,1,2025-03-05
89,150,08:00:00,1,1,18,The Leela Palace Bangalore,Workshop,1,2025-03-11
90,100,09:00:00,5,2,10,White Feather Convention Centre,Meeting,0,2025-03-08
91,20,13:00:00,1,2,20,J. N. Tata Auditorium,Presentation,1,2025-03-18
92,200,18:00:00,3,3,78,Hotel Royal Orchid,Workshop,1,2025-03-27
93,10,13:00:00,1,1,8,Bangalore International Exhibition Centre,Seminar,0,2025-03-11
94,200,12:00:00,6,2,142,Taj West End,Workshop,1,2025-03-02
95,100,12:00:00,5,1,99,J. N. Tata Auditorium,Workshop,1,2025-03-08
96,200,15:00:00,0,1,114,Hotel Royal Orchid,Seminar,1,2025-03-17
97,20,16:00:00,6,1,19,White Feather Convention Centre,Presentation,0,2025-03-23
98,10,11:00:00,3,2,8,Bangalore International Exhibition Centre,Workshop,0,2025-03-13
99,20,16:00:00,3,3,11,NIMHANS Convention Centre,Seminar,0,2025-03-20
100,20,12:00:00,1,1,9,Hotel Royal Orchid,Conference,0,2025-03-11
101,50,11:00:00,6,3,30,J. N. Tata Auditorium,Conference,1,2025-03-30
102,200,17:00:00,5,3,139,Taj West End,Seminar,1,2025-03-29
103,20,18:00:00,6,1,8,The Lalit Ashok Bangalore,Seminar,1,2025-03-23
104,50,16:00:00,3,1,28,The Leela Palace Bangalore,Workshop,1,2025-03-20
105,100,13:00:00,3,3,65,Sheraton Grand Bangalore,Meeting,1,2025-03-20
106,100,12:00:00,1,3,46,NIMHANS Convention Centre,Seminar,0,2025-03-18
107,50,09:00:00,1,2,23,The Leela Palace Bangalore,Seminar,0,2025-03-11
108,10,17:00:00,5,2,9,Taj West End,Seminar,0,2025-03-08
109,150,12:00:00,2,2,143,J. N. Tata Auditorium,Workshop,1,2025-03-19
110,150,11:00:00,0,2,59,J. N. Tata Auditorium,Seminar,1,2025-03-10
111,150,17:00:00,5,3,36,Hotel Royal Orchid,Meeting,1,2025-03-01
112,100,11:00:00,0,1,42,Taj West End,Presentation,1,2025-03-10
113,150,16:00:00,5,2,81,White Feather Convention Centre,Seminar,0,2025-03-22
114,50,13:00:00,5,3,16,J. N. Tata Auditorium,Workshop,0,2025-03-08
115,50,14:00:00,2,1,22,The Lalit Ashok Bangalore,Conference,1,2025-03-12
116,100,11:00:00,0,2,68,White Feather Convention Centre,Presentation,1,2025-03-24
117,20,08:00:00,1,3,5,Radisson Blu Atria,Seminar,0,2025-03-25
118,150,13:00:00,0,3,9,Taj West End,Meeting,1,2025-03-10
119,200,08:00:00,6,3,126,J. N. Tata Auditorium,Conference,0,2025-03-30
120,100,17:00:00,1,1,11,Hotel Royal Orchid,Seminar,1,2025-03-25
121,100,10:00:00,0,2,80,Bangalore International Exhibition Centre,Workshop,0,2025-03-17
122,100,18:00:00,5,3,63,Hotel Royal Orchid,Presentation,0,2025-03-01
123,100,14:00:00,6,3,91,Sheraton Grand Bangalore,Conference,1,2025-03-16
124,50,18:00:00,3,1,10,NIMHANS Convention Centre,Conference,0,2025-03-27
125,200,08:00:00,0,3,140,Radisson Blu Atria,Workshop,0,2025-03-24
126,20,14:00:00,2,2,11,The Lalit Ashok Bangalore,Workshop,1,2025-03-05
127,20,14:00:00,0,2,8,Hotel Royal Orchid,Seminar,0,2025-03-17
128,200,17:00:00,4,2,72,NIMHANS Convention Centre,Conference,0,2025-03-14
129,50,15:00:00,2,2,15,Sheraton Grand Bangalore,Presentation,1,2025-03-26
130,20,14:00:00,2,1,20,Bangalore International Exhibition Centre,Conference,0,2025-03-05
131,200,16:00:00,0,1,44,J. N. Tata Auditorium,Workshop,1,2025-03-10
132,150,08:00:00,5,2,83,Taj West End,Workshop,0,2025-03-29
133,100,09:00:00,6,2,77,NIMHANS Convention Centre,Meeting,1,2025-03-23
134,150,09:00:00,3,1,50,Sheraton Grand Bangalore,Workshop,1,2025-03-13
135,20,16:00:00,0,3,13,The Leela Palace Bangalore,Presentation,0,2025-03-31
136,200,08:00:00,5,3,176,The Lalit Ashok Bangalore,Presentation,0,2025-03-08
137,100,12:00:00,5,1,39,Sheraton Grand Bangalore,Meeting,0,2025-03-08
138,150,08:00:00,0,1,107,Radisson Blu Atria,Meeting,1,2025-03-17
139,20,15:00:00,3,3,6,White Feather Convention Centre,Meeting,0,2025-03-06
140,50,12:00:00,2,1,18,NIMHANS Convention Centre,Workshop,0,2025-03-26
141,100,11:00:00,0,2,18,Bangalore International Exhibition Centre,Conference,0,2025-03-17
142,150,17:00:00,5,2,83,The Lalit Ashok Bangalore,Meeting,0,2025-03-01
143,200,12:00:00,5,1,99,The Lalit Ashok Bangalore,Seminar,0,2025-03-22
144,200,12:00:00,5,1,197,Sheraton Grand Bangalore,Conference,0,2025-03-08
145,200,11:00:00,5,2,99,Taj West End,Presentation,1,2025-03-15
146,20,09:00:00,3,2,7,Radisson Blu Atria,Workshop,1,2025-03-06
147,150,17:00:00,6,1,131,White Feather Convention Centre,Workshop,0,2025-03-23
148,10,15:00:00,5,2,7,J. N. Tata Auditorium,Meeting,1,2025-03-15
149,20,12:00:00,4,3,13,White Feather Convention Centre,Seminar,0,2025-03-14
150,100,10:00:00,3,3,91,NIMHANS Convention Centre,Conference,1,2025-03-27
151,150,13:00:00,1,3,17,Hotel Royal Orchid,Presentation,1,2025-03-25
152,50,14:00:00,0,1,6,The Lalit Ashok Bangalore,Workshop,0,2025-03-31
153,50,16:00:00,0,1,32,Radisson Blu Atria,Meeting,0,2025-03-24
154,10,13:00:00,4,1,8,Taj West End,Workshop,1,2025-03-28
155,50,14:00:00,4,1,49,J. N. Tata Auditorium,Conference,0,2025-03-14
156,10,17:00:00,4,1,7,The Lalit Ashok Bangalore,Presentation,1,2025-03-14
157,200,15:00:00,2,1,149,Sheraton Grand Bangalore,Seminar,0,2025-03-12
158,20,09:00:00,0,1,8,White Feather Convention Centre,Presentation,0,2025-03-24
159,150,09:00:00,3,2,90,Sheraton Grand Bangalore,Conference,0,2025-03-27
160,100,15:00:00,1,2,82,NIMHANS Convention Centre,Meeting,1,2025-03-25
161,50,16:00:00,6,3,18,White Feather Convention Centre,Presentation,1,2025-03-16
162,50,10:00:00,3,2,35,J. N. Tata Auditorium,Workshop,0,2025-03-13
163,50,15:00:00,5,1,41,Sheraton Grand Bangalore,Meeting,0,2025-03-15
164,150,16:00:00,1,1,7,White Feather Convention Centre,Conference,0,2025-03-25
165,50,11:00:00,0,3,31,J. N. Tata Auditorium,Workshop,1,2025-03-03
166,20,08:00:00,1,3,8,Radisson Blu Atria,Presentation,0,2025-03-18
167,10,10:00:00,2,1,10,NIMHANS Convention Centre,Presentation,0,2025-03-12
168,100,08:00:00,0,2,31,Taj West End,Seminar,0,2025-03-17
169,100,14:00:00,0,3,52,Sheraton Grand Bangalore,Conference,1,2025-03-10
170,100,14:00:00,0,1,31,NIMHANS Convention Centre,Presentation,0,2025-03-24
171,100,16:00:00,4,2,27,White Feather Convention Centre,Presentation,1,2025-03-07
172,50,16:00:00,4,1,35,Hotel Royal Orchid,Conference,1,2025-03-28
173,200,18:00:00,5,2,27,The Leela Palace Bangalore,Seminar,0,2025-03-29
174,20,15:00:00,6,2,9,The Lalit Ashok Bangalore,Presentation,0,2025-03-02
175,50,09:00:00,0,2,42,NIMHANS Convention Centre,Workshop,1,2025-03-24
176,10,17:00:00,4,2,6,Hotel Royal Orchid,Presentation,0,2025-03-14
177,150,10:00:00,5,3,12,The Lalit Ashok Bangalore,Workshop,0,2025-03-08
178,100,10:00:00,5,1,43,Radisson Blu Atria,Seminar,0,2025-03-15
179,200,18:00:00,5,1,102,Taj West End,Meeting,0,2025-03-15
180,50,17:00:00,4,3,41,The Leela Palace Bangalore,Workshop,0,2025-03-14
181,10,16:00:00,3,3,10,Sheraton Grand Bangalore,Seminar,1,2025-03-20
182,20,12:00:00,2,1,18,White Feather Convention Centre,Seminar,0,2025-03-05
183,150,13:00:00,1,1,134,Radisson Blu Atria,Workshop,1,2025-03-11
184,150,08:00:00,1,2,137,The Leela Palace Bangalore,Presentation,1,2025-03-25
185,100,14:00:00,3,2,28,White Feather Convention Centre,Seminar,1,2025-03-20
186,20,08:00:00,6,2,20,NIMHANS Convention Centre,Workshop,0,2025-03-09
187,150,14:00:00,6,2,6,The Lalit Ashok Bangalore,Meeting,0,2025-03-09
188,20,18:00:00,0,3,18,Bangalore International Exhibition Centre,Conference,1,2025-03-03
189,50,16:00:00,5,3,21,Sheraton Grand Bangalore,Seminar,1,2025-03-08
190,20,11:00:00,0,3,19,J. N. Tata Auditorium,Seminar,1,2025-03-17
191,50,16:00:00,6,3,25,Radisson Blu Atria,Meeting,1,2025-03-23
192,150,09:00:00,5,2,81,Taj West End,Presentation,0,2025-03-15
193,10,10:00:00,2,1,10,Hotel Royal Orchid,Meeting,1,2025-03-26
194,100,14:00:00,4,3,75,Bangalore International Exhibition Centre,Workshop,0,2025-03-21
195,150,18:00:00,4,3,58,Taj West End,Presentation,0,2025-03-14
196,20,17:00:00,2,3,14,Radisson Blu Atria,Workshop,1,2025-03-05
197,200,18:00:00,1,1,183,Taj West End,Seminar,1,2025-03-04
198,100,09:00:00,0,1,14,The Lalit Ashok Bangalore,Workshop,1,2025-03-17
199,200,18:00:00,5,1,142,Sheraton Grand Bangalore,Seminar,0,2025-03-01
200,200,14:00:00,1,3,39,Hotel Royal Orchid,Meeting,0,2025-03-18
201,200,16:00:00,4,1,109,The Lalit Ashok Bangalore,Workshop,1,2025-03-07
202,50,16:00:00,3,3,43,Taj West End,Workshop,0,2025-03-13
203,150,18:00:00,5,1,107,White Feather Convention Centre,Meeting,1,2025-03-08
204,200,18:00:00,5,1,101,The Lalit Ashok Bangalore,Conference,1,2025-03-22
205,20,18:00:00,0,3,13,Sheraton Grand Bangalore,Presentation,1,2025-03-24
206,150,09:00:00,6,3,61,J. N. Tata Auditorium,Seminar,0,2025-03-16
207,10,10:00:00,3,3,8,Bangalore International Exhibition Centre,Meeting,1,2025-03-13
208,20,17:00:00,3,3,9,Bangalore International Exhibition Centre,Presentation,0,2025-03-20
209,200,17:00:00,6,2,171,Hotel Royal Orchid,Conference,0,2025-03-02
210,10,17:00:00,5,3,7,The Leela Palace Bangalore,Conference,0,2025-03-08
211,100,15:00:00,4,2,13,Sheraton Grand Bangalore,Conference,1,2025-03-07
212,100,11:00:00,1,2,44,Bangalore International Exhibition Centre,Seminar,0,2025-03-04
213,150,13:00:00,2,2,89,Bangalore International Exhibition Centre,Conference,1,2025-03-26
214,150,14:00:00,6,1,70,Taj West End,Seminar,1,2025-03-30
215,100,17:00:00,1,1,30,Taj West End,Workshop,0,2025-03-25
216,10,17:00:00,4,3,7,Sheraton Grand Bangalore,Presentation,1,2025-03-07
217,100,13:00:00,5,3,65,NIMHANS Convention Centre,Meeting,1,2025-03-15
218,20,09:00:00,6,2,10,White Feather Convention Centre,Seminar,0,2025-03-16
219,150,16:00:00,6,2,40,Bangalore International Exhibition Centre,Workshop,0,2025-03-30
220,200,15:00:00,4,1,159,Hotel Royal Orchid,Workshop,0,2025-03-07
221,20,18:00:00,5,3,10,Radisson Blu Atria,Conference,1,2025-03-15
222,150,09:00:00,1,2,59,Hotel Royal Orchid,Presentation,1,2025-03-25
223,50,10:00:00,0,2,39,Hotel Royal Orchid,Seminar,0,2025-03-17
224,20,10:00:00,5,1,10,J. N. Tata Auditorium,Presentation,1,2025-03-01
225,150,09:00:00,6,1,116,NIMHANS Convention Centre,Meeting,0,2025-03-16
226,200,09:00:00,6,1,106,The Leela Palace Bangalore,Presentation,1,2025-03-09
227,20,14:00:00,1,1,12,Bangalore International Exhibition Centre,Workshop,1,2025-03-11
228,10,14:00:00,3,1,7,Bangalore International Exhibition Centre,Presentation,0,2025-03-27
229,150,08:00:00,3,2,131,Taj West End,Meeting,0,2025-03-20
230,50,10:00:00,4,3,6,Hotel Royal Orchid,Seminar,1,2025-03-28
231,20,08:00:00,5,1,13,White Feather Convention Centre,Workshop,0,2025-03-29
232,100,16:00:00,6,1,28,Taj West End,Meeting,0,2025-03-16
233,100,10:00:00,6,3,79,NIMHANS Convention Centre,Meeting,1,2025-03-09
234,200,18:00:00,4,3,5,Sheraton Grand Bangalore,Meeting,1,2025-03-14
235,100,17:00:00,1,1,16,White Feather Convention Centre,Conference,1,2025-03-18
236,200,15:00:00,2,3,92,Bangalore International Exhibition Centre,Conference,1,2025-03-05
237,150,14:00:00,3,1,100,White Feather Convention Centre,Presentation,0,2025-03-27
238,50,14:00:00,5,1,8,The Lalit Ashok Bangalore,Workshop,0,2025-03-01
239,100,13:00:00,2,1,28,Sheraton Grand Bangalore,Meeting,1,2025-03-05
240,200,17:00:00,5,2,175,The Lalit Ashok Bangalore,Seminar,0,2025-03-22
241,10,09:00:00,5,3,5,The Lalit Ashok Bangalore,Seminar,1,2025-03-15
242,150,09:00:00,1,1,87,Hotel Royal Orchid,Conference,1,2025-03-11
243,20,14:00:00,1,2,16,Taj West End,Presentation,0,2025-03-25
244,20,17:00:00,1,2,6,J. N. Tata Auditorium,Conference,0,2025-03-18
245,100,15:00:00,4,3,16,NIMHANS Convention Centre,Meeting,0,2025-03-21
246,100,17:00:00,5,1,66,Sheraton Grand Bangalore,Presentation,0,2025-03-01
247,150,10:00:00,2,1,26,J. N. Tata Auditorium,Presentation,1,2025-03-05
248,100,11:00:00,3,3,92,NIMHANS Convention Centre,Presentation,0,2025-03-20
249,100,12:00:00,3,1,96,White Feather Convention Centre,Seminar,1,2025-03-13
250,10,08:00:00,0,2,9,J. N. Tata Auditorium,Conference,0,2025-03-24
251,10,14:00:00,2,1,9,Hotel Royal Orchid,Conference,0,2025-03-19
252,200,18:00:00,4,3,71,Sheraton Grand Bangalore,Meeting,0,2025-03-28
253,10,09:00:00,0,1,10,Radisson Blu Atria,Meeting,1,2025-03-31
254,200,17:00:00,6,3,70,Bangalore International Exhibition Centre,Workshop,0,2025-03-02
255,150,08:00:00,6,3,73,White Feather Convention Centre,Conference,1,2025-03-02
256,200,17:00:00,3,1,54,Bangalore International Exhibition Centre,Workshop,0,2025-03-13
257,20,14:00:00,2,1,20,The Lalit Ashok Bangalore,Conference,1,2025-03-19
258,100,13:00:00,6,2,53,NIMHANS Convention Centre,Meeting,0,2025-03-02
259,150,08:00:00,4,1,87,The Lalit Ashok Bangalore,Conference,1,2025-03-07
260,150,17:00:00,1,2,77,Sheraton Grand Bangalore,Seminar,0,2025-03-18
261,10,15:00:00,5,2,6,The Lalit Ashok Bangalore,Presentation,0,2025-03-15
262,200,13:00:00,5,3,91,The Lalit Ashok Bangalore,Workshop,0,2025-03-01
263,20,15:00:00,2,1,7,J. N. Tata Auditorium,Presentation,1,2025-03-12
264,150,12:00:00,2,1,65,Hotel Royal Orchid,Presentation,0,2025-03-05
265,150,17:00:00,4,3,5,Hotel Royal Orchid,Seminar,0,2025-03-28
266,100,15:00:00,5,2,6,White Feather Convention Centre,Presentation,1,2025-03-01
267,10,09:00:00,5,2,9,The Leela Palace Bangalore,Conference,1,2025-03-22
268,150,14:00:00,0,1,31,The Leela Palace Bangalore,Presentation,1,2025-03-17
269,200,16:00:00,3,3,127,Hotel Royal Orchid,Conference,0,2025-03-13
270,100,12:00:00,0,1,7,NIMHANS Convention Centre,Presentation,0,2025-03-17
271,20,18:00:00,2,1,20,Bangalore International Exhibition Centre,Meeting,1,2025-03-12
272,10,08:00:00,5,1,8,Hotel Royal Orchid,Meeting,1,2025-03-01
273,150,08:00:00,2,1,20,The Leela Palace Bangalore,Conference,0,2025-03-19
274,50,09:00:00,2,2,38,Taj West End,Conference,0,2025-03-05
275,150,12:00:00,2,3,107,The Lalit Ashok Bangalore,Meeting,1,2025-03-19
276,100,17:00:00,5,2,49,White Feather Convention Centre,Meeting,1,2025-03-08
277,150,12:00:00,4,3,85,Radisson Blu Atria,Workshop,0,2025-03-14
278,150,08:00:00,3,1,104,NIMHANS Convention Centre,Conference,1,2025-03-20
279,150,10:00:00,6,2,131,Taj West End,Conference,0,2025-03-23
280,10,16:00:00,5,1,6,Bangalore International Exhibition Centre,Meeting,1,2025-03-29
281,20,15:00:00,6,2,16,Hotel Royal Orchid,Workshop,0,2025-03-02
282,10,17:00:00,4,3,5,The Lalit Ashok Bangalore,Workshop,1,2025-03-14
283,100,08:00:00,5,1,62,NIMHANS Convention Centre,Workshop,0,2025-03-22
284,100,13:00:00,6,1,84,The Lalit Ashok Bangalore,Workshop,0,2025-03-23
285,150,10:00:00,2,3,55,NIMHANS Convention Centre,Seminar,1,2025-03-12
286,100,11:00:00,3,2,5,The Lalit Ashok Bangalore,Workshop,0,2025-03-13
287,10,11:00:00,5,3,9,Bangalore International Exhibition Centre,Seminar,1,2025-03-08
288,200,17:00:00,0,1,174,The Lalit Ashok Bangalore,Meeting,1,2025-03-31
289,150,11:00:00,6,2,51,Radisson Blu Atria,Seminar,1,2025-03-16
290,200,08:00:00,1,2,76,White Feather Convention Centre,Seminar,0,2025-03-25
291,150,13:00:00,5,3,107,Hotel Royal Orchid,Seminar,1,2025-03-29
292,150,12:00:00,5,3,126,Taj West End,Conference,0,2025-03-29
293,150,16:00:00,6,3,31,NIMHANS Convention Centre,Conference,1,2025-03-16
294,150,08:00:00,6,2,60,NIMHANS Convention Centre,Conference,0,2025-03-02
295,20,16:00:00,0,3,9,White Feather Convention Centre,Meeting,0,2025-03-31
296,50,14:00:00,1,1,43,The Lalit Ashok Bangalore,Presentation,0,2025-03-18
297,20,15:00:00,6,1,10,The Leela Palace Bangalore,Meeting,1,2025-03-09
298,100,15:00:00,5,2,77,The Lalit Ashok Bangalore,Workshop,1,2025-03-01
299,150,15:00:00,3,1,60,Sheraton Grand Bangalore,Seminar,1,2025-03-13
300,200,08:00:00,1,1,200,White Feather Convention Centre,Conference,0,2025-03-04
301,10,12:00:00,1,1,7,Taj West End,Presentation,1,2025-03-11
302,10,08:00:00,2,3,5,J. N. Tata Auditorium,Conference,1,2025-03-19
303,200,09:00:00,0,2,57,Taj West End,Conference,1,2025-03-10
304,100,11:00:00,0,1,20,J. N. Tata Auditorium,Conference,1,2025-03-03
305,200,13:00:00,6,2,18,Taj West End,Conference,0,2025-03-16
306,50,17:00:00,6,1,45,J. N. Tata Auditorium,Seminar,1,2025-03-30
307,100,17:00:00,5,3,19,Radisson Blu Atria,Seminar,1,2025-03-15
308,10,10:00:00,6,2,10,The Lalit Ashok Bangalore,Conference,0,2025-03-30
309,150,16:00:00,2,1,106,The Leela Palace Bangalore,Meeting,1,2025-03-26
310,100,16:00:00,6,3,98,NIMHANS Convention Centre,Meeting,0,2025-03-23
311,50,14:00:00,3,2,32,Bangalore International Exhibition Centre,Presentation,0,2025-03-20
312,20,11:00:00,4,1,5,Hotel Royal Orchid,Meeting,0,2025-03-14
313,10,12:00:00,4,3,5,Bangalore International Exhibition Centre,Workshop,0,2025-03-14
314,100,09:00:00,6,3,72,The Lalit Ashok Bangalore,Workshop,1,2025-03-30
315,100,16:00:00,1,2,58,Radisson Blu Atria,Workshop,1,2025-03-18
316,10,13:00:00,3,3,8,Bangalore International Exhibition Centre,Presentation,0,2025-03-13
317,10,15:00:00,1,1,6,Sheraton Grand Bangalore,Presentation,1,2025-03-18
318,150,14:00:00,6,3,18,J. N. Tata Auditorium,Conference,0,2025-03-23
319,150,11:00:00,4,3,121,NIMHANS Convention Centre,Conference,0,2025-03-14
320,20,17:00:00,0,1,10,The Leela Palace Bangalore,Presentation,1,2025-03-03
321,100,14:00:00,0,3,38,Taj West End,Conference,0,2025-03-03
322,150,17:00:00,1,1,71,Hotel Royal Orchid,Seminar,0,2025-03-11
323,50,15:00:00,1,3,18,Bangalore International Exhibition Centre,Workshop,1,2025-03-25
324,20,13:00:00,5,1,13,The Leela Palace Bangalore,Presentation,0,2025-03-22
325,150,15:00:00,2,1,32,J. N. Tata Auditorium,Presentation,0,2025-03-05
326,20,15:00:00,1,1,7,The Leela Palace Bangalore,Workshop,0,2025-03-18
327,10,09:00:00,4,2,9,The Leela Palace Bangalore,Seminar,0,2025-03-28
328,100,16:00:00,1,1,47,Sheraton Grand Bangalore,Presentation,0,2025-03-04
329,200,17:00:00,4,2,157,J. N. Tata Auditorium,Presentation,0,2025-03-14
330,20,15:00:00,6,3,14,Radisson Blu Atria,Conference,0,2025-03-09
331,200,10:00:00,2,1,146,Hotel Royal Orchid,Presentation,0,2025-03-12
332,20,13:00:00,1,1,16,The Leela Palace Bangalore,Seminar,0,2025-03-04
333,20,14:00:00,2,2,16,Bangalore International Exhibition Centre,Presentation,0,2025-03-12
334,100,14:00:00,5,3,32,Sheraton Grand Bangalore,Presentation,1,2025-03-29
335,20,12:00:00,5,3,8,The Leela Palace Bangalore,Seminar,0,2025-03-29
336,10,14:00:00,6,1,9,The Leela Palace Bangalore,Meeting,1,2025-03-16
337,100,11:00:00,3,3,91,Radisson Blu Atria,Presentation,1,2025-03-20
338,200,13:00:00,5,1,39,Sheraton Grand Bangalore,Seminar,1,2025-03-01
339,100,13:00:00,3,2,48,Radisson Blu Atria,Conference,0,2025-03-20
340,10,13:00:00,3,2,9,The Leela Palace Bangalore,Presentation,0,2025-03-13
341,20,08:00:00,3,2,20,White Feather Convention Centre,Presentation,1,2025-03-27
342,20,17:00:00,6,2,13,Hotel Royal Orchid,Conference,1,2025-03-02
343,50,17:00:00,4,2,10,Bangalore International Exhibition Centre,Seminar,1,2025-03-07
344,100,08:00:00,1,1,95,White Feather Convention Centre,Conference,0,2025-03-18
345,100,08:00:00,6,3,68,White Feather Convention Centre,Conference,0,2025-03-16
346,10,08:00:00,6,3,5,Radisson Blu Atria,Meeting,1,2025-03-30
347,150,10:00:00,4,2,99,Taj West End,Workshop,1,2025-03-14
348,150,17:00:00,2,3,15,Taj West End,Seminar,1,2025-03-26
349,100,14:00:00,0,1,15,The Leela Palace Bangalore,Meeting,0,2025-03-10
350,50,17:00:00,5,3,30,NIMHANS Convention Centre,Seminar,0,2025-03-22
351,10,17:00:00,6,3,7,J. N. Tata Auditorium,Meeting,1,2025-03-30
352,10,08:00:00,0,3,5,The Leela Palace Bangalore,Conference,1,2025-03-17
353,150,18:00:00,0,1,91,The Leela Palace Bangalore,Meeting,0,2025-03-24
354,150,12:00:00,2,2,117,The Lalit Ashok Bangalore,Seminar,1,2025-03-19
355,10,15:00:00,6,1,8,White Feather Convention Centre,Meeting,0,2025-03-30
356,20,14:00:00,5,1,20,The Lalit Ashok Bangalore,Meeting,1,2025-03-08
357,50,18:00:00,6,3,17,Hotel Royal Orchid,Workshop,0,2025-03-09
358,200,16:00:00,3,3,106,J. N. Tata Auditorium,Meeting,1,2025-03-06
359,20,14:00:00,3,3,15,Hotel Royal Orchid,Workshop,0,2025-03-27
360,100,08:00:00,3,2,50,J. N. Tata Auditorium,Seminar,1,2025-03-20
361,200,17:00:00,3,3,51,NIMHANS Convention Centre,Workshop,0,2025-03-13
362,150,11:00:00,3,2,26,NIMHANS Convention Centre,Workshop,0,2025-03-20
363,100,15:00:00,1,3,42,The Lalit Ashok Bangalore,Workshop,1,2025-03-25
364,20,18:00:00,6,1,10,Bangalore International Exhibition Centre,Conference,1,2025-03-23
365,10,14:00:00,3,1,7,Taj West End,Presentation,0,2025-03-27
366,10,11:00:00,4,3,8,The Lalit Ashok Bangalore,Meeting,0,2025-03-28
367,10,15:00:00,4,2,8,Sheraton Grand Bangalore,Meeting,1,2025-03-14
368,100,14:00:00,6,3,90,White Feather Convention Centre,Workshop,1,2025-03-16
369,100,15:00:00,5,1,60,J. N. Tata Auditorium,Conference,1,2025-03-01
370,20,14:00:00,3,3,16,Radisson Blu Atria,Conference,1,2025-03-06
371,100,12:00:00,6,1,68,Bangalore International Exhibition Centre,Conference,1,2025-03-30
372,150,10:00:00,0,3,110,J. N. Tata Auditorium,Workshop,1,2025-03-17
373,20,10:00:00,2,1,7,Taj West End,Seminar,0,2025-03-26
374,10,11:00:00,1,2,10,Hotel Royal Orchid,Meeting,1,2025-03-25
375,150,11:00:00,1,1,125,The Lalit Ashok Bangalore,Presentation,0,2025-03-11
376,200,17:00:00,0,3,12,Sheraton Grand Bangalore,Conference,1,2025-03-10
377,100,10:00:00,4,1,64,NIMHANS Convention Centre,Presentation,0,2025-03-14
378,50,10:00:00,4,1,5,Taj West End,Conference,0,2025-03-28
379,150,17:00:00,2,2,82,Radisson Blu Atria,Conference,0,2025-03-19
380,200,11:00:00,6,2,81,White Feather Convention Centre,Meeting,1,2025-03-09
381,20,08:00:00,6,3,17,White Feather Convention Centre,Seminar,1,2025-03-09
382,20,13:00:00,5,1,7,NIMHANS Convention Centre,Workshop,0,2025-03-15
383,20,09:00:00,6,2,10,NIMHANS Convention Centre,Workshop,0,2025-03-16
384,20,11:00:00,4,2,13,Radisson Blu Atria,Workshop,1,2025-03-28
385,20,16:00:00,3,2,5,Radisson Blu Atria,Meeting,0,2025-03-27
386,50,16:00:00,1,3,37,NIMHANS Convention Centre,Workshop,0,2025-03-25
387,10,18:00:00,5,2,8,The Leela Palace Bangalore,Conference,1,2025-03-08
388,100,18:00:00,5,2,59,Hotel Royal Orchid,Presentation,1,2025-03-01
389,150,13:00:00,4,2,36,Radisson Blu Atria,Conference,1,2025-03-07
390,20,08:00:00,5,1,12,Radisson Blu Atria,Presentation,0,2025-03-29
391,150,09:00:00,3,1,45,NIMHANS Convention Centre,Workshop,0,2025-03-06
392,50,17:00:00,5,1,26,J. N. Tata Auditorium,Conference,1,2025-03-01
393,100,11:00:00,2,1,76,J. N. Tata Auditorium,Seminar,1,2025-03-26
394,50,08:00:00,1,3,47,The Lalit Ashok Bangalore,Meeting,1,2025-03-18
395,100,18:00:00,2,1,85,Hotel Royal Orchid,Meeting,0,2025-03-26
396,10,10:00:00,0,2,5,NIMHANS Convention Centre,Conference,0,2025-03-24
397,50,08:00:00,5,2,12,The Lalit Ashok Bangalore,Presentation,0,2025-03-08
398,10,16:00:00,5,1,7,Radisson Blu Atria,Seminar,1,2025-03-08
399,100,16:00:00,5,2,63,Bangalore International Exhibition Centre,Seminar,0,2025-03-22
400,150,08:00:00,4,3,139,J. N. Tata Auditorium,Presentation,0,2025-03-14
401,200,10:00:00,2,3,92,Hotel Royal Orchid,Conference,0,2025-03-05
402,150,18:00:00,2,3,59,Taj West End,Presentation,0,2025-03-26
403,50,14:00:00,2,3,48,Sheraton Grand Bangalore,Presentation,0,2025-03-05
404,10,10:00:00,5,3,5,Radisson Blu Atria,Presentation,1,2025-03-01
405,100,12:00:00,3,3,28,Radisson Blu Atria,Presentation,1,2025-03-13
406,100,11:00:00,2,1,76,The Lalit Ashok Bangalore,Seminar,0,2025-03-12
407,10,09:00:00,1,2,10,The Lalit Ashok Bangalore,Conference,0,2025-03-04
408,200,14:00:00,6,1,35,NIMHANS Convention Centre,Workshop,0,2025-03-16
409,100,12:00:00,0,3,78,Hotel Royal Orchid,Workshop,0,2025-03-31
410,150,16:00:00,0,2,73,Bangalore International Exhibition Centre,Presentation,0,2025-03-10
411,50,16:00:00,0,1,15,Radisson Blu Atria,Workshop,1,2025-03-24
412,200,08:00:00,1,1,37,White Feather Convention Centre,Seminar,1,2025-03-04
413,150,08:00:00,5,2,136,Radisson Blu Atria,Workshop,1,2025-03-29
414,50,13:00:00,4,1,43,White Feather Convention Centre,Workshop,0,2025-03-14
415,10,16:00:00,1,3,6,NIMHANS Convention Centre,Meeting,0,2025-03-18
416,20,13:00:00,1,2,10,The Lalit Ashok Bangalore,Meeting,0,2025-03-11
417,200,15:00:00,0,2,53,The Lalit Ashok Bangalore,Presentation,0,2025-03-24
418,20,14:00:00,5,3,15,White Feather Convention Centre,Conference,1,2025-03-01
419,150,18:00:00,4,2,18,Hotel Royal Orchid,Meeting,1,2025-03-21
420,20,14:00:00,0,1,16,White Feather Convention Centre,Seminar,0,2025-03-17
421,150,16:00:00,5,2,106,Bangalore International Exhibition Centre,Conference,1,2025-03-08
422,100,10:00:00,0,2,80,Hotel Royal Orchid,Workshop,1,2025-03-17
423,10,14:00:00,5,2,9,Bangalore International Exhibition Centre,Workshop,1,2025-03-15
424,200,08:00:00,4,1,128,J. N. Tata Auditorium,Presentation,1,2025-03-14
425,100,15:00:00,4,3,66,Hotel Royal Orchid,Seminar,0,2025-03-07
426,10,10:00:00,5,1,10,Sheraton Grand Bangalore,Seminar,0,2025-03-08
427,200,17:00:00,4,3,62,Hotel Royal Orchid,Presentation,0,2025-03-07
428,20,08:00:00,4,1,17,The Lalit Ashok Bangalore,Conference,1,2025-03-07
429,50,17:00:00,0,3,22,Radisson Blu Atria,Conference,0,2025-03-10
430,10,11:00:00,5,3,6,White Feather Convention Centre,Presentation,1,2025-03-22
431,10,14:00:00,5,3,5,NIMHANS Convention Centre,Conference,1,2025-03-15
432,150,12:00:00,4,2,46,J. N. Tata Auditorium,Conference,0,2025-03-21
433,50,15:00:00,5,3,38,Radisson Blu Atria,Workshop,0,2025-03-15
434,150,09:00:00,0,3,29,The Leela Palace Bangalore,Workshop,0,2025-03-10
435,50,17:00:00,6,3,5,The Lalit Ashok Bangalore,Meeting,0,2025-03-02
436,20,10:00:00,2,3,18,The Leela Palace Bangalore,Workshop,0,2025-03-19
437,200,11:00:00,5,2,172,Radisson Blu Atria,Meeting,1,2025-03-22
438,20,10:00:00,6,3,5,White Feather Convention Centre,Seminar,0,2025-03-16
439,200,10:00:00,0,2,142,Taj West End,Meeting,0,2025-03-03
440,100,08:00:00,1,2,76,Radisson Blu Atria,Conference,1,2025-03-04
441,150,11:00:00,6,2,18,J. N. Tata Auditorium,Conference,0,2025-03-30
442,50,11:00:00,0,2,30,Sheraton Grand Bangalore,Presentation,1,2025-03-24
443,50,16:00:00,2,1,50,The Lalit Ashok Bangalore,Meeting,0,2025-03-19
444,20,15:00:00,1,3,6,Taj West End,Conference,0,2025-03-04
445,200,10:00:00,3,2,107,White Feather Convention Centre,Seminar,0,2025-03-13
446,50,10:00:00,5,2,32,Hotel Royal Orchid,Presentation,1,2025-03-22
447,100,11:00:00,6,1,31,The Leela Palace Bangalore,Workshop,1,2025-03-30
448,50,13:00:00,3,2,37,Radisson Blu Atria,Conference,1,2025-03-13
449,100,11:00:00,3,1,6,Radisson Blu Atria,Meeting,0,2025-03-20
450,20,17:00:00,5,3,18,J. N. Tata Auditorium,Seminar,0,2025-03-22
451,50,11:00:00,4,1,7,Hotel Royal Orchid,Seminar,0,2025-03-07
452,200,16:00:00,4,3,198,Bangalore International Exhibition Centre,Conference,1,2025-03-21
453,10,18:00:00,2,3,9,NIMHANS Convention Centre,Conference,0,2025-03-12
454,150,12:00:00,6,1,10,Radisson Blu Atria,Seminar,1,2025-03-02
455,150,12:00:00,6,1,20,The Lalit Ashok Bangalore,Workshop,1,2025-03-16
456,200,17:00:00,5,1,200,Bangalore International Exhibition Centre,Workshop,1,2025-03-22
457,50,10:00:00,5,2,11,Bangalore International Exhibition Centre,Presentation,0,2025-03-22
458,200,14:00:00,4,1,40,Hotel Royal Orchid,Seminar,0,2025-03-14
459,20,17:00:00,1,2,8,Taj West End,Presentation,0,2025-03-04
460,20,12:00:00,6,2,10,Taj West End,Workshop,1,2025-03-09
461,10,12:00:00,2,2,5,Taj West End,Seminar,1,2025-03-26
462,50,15:00:00,0,3,38,The Lalit Ashok Bangalore,Workshop,1,2025-03-24
463,200,12:00:00,5,1,172,The Lalit Ashok Bangalore,Seminar,0,2025-03-01
464,50,10:00:00,4,2,6,NIMHANS Convention Centre,Conference,0,2025-03-07
465,10,09:00:00,6,3,9,Taj West End,Meeting,0,2025-03-16
466,20,08:00:00,2,1,17,Taj West End,Meeting,0,2025-03-12
467,20,15:00:00,6,2,11,NIMHANS Convention Centre,Conference,0,2025-03-23
468,50,13:00:00,0,3,12,Radisson Blu Atria,Conference,1,2025-03-10
469,20,13:00:00,4,2,11,The Lalit Ashok Bangalore,Meeting,1,2025-03-21
470,200,12:00:00,1,2,187,The Leela Palace Bangalore,Workshop,0,2025-03-25
471,150,10:00:00,2,3,90,Taj West End,Workshop,0,2025-03-05
472,50,17:00:00,3,3,23,J. N. Tata Auditorium,Conference,0,2025-03-13
473,50,08:00:00,6,2,22,J. N. Tata Auditorium,Seminar,0,2025-03-02
474,100,18:00:00,6,1,63,Bangalore International Exhibition Centre,Presentation,0,2025-03-30
475,200,08:00:00,1,2,158,Hotel Royal Orchid,Presentation,0,2025-03-18
476,50,15:00:00,6,2,37,J. N. Tata Auditorium,Conference,1,2025-03-30
477,50,14:00:00,4,3,31,NIMHANS Convention Centre,Meeting,0,2025-03-28
478,150,10:00:00,4,3,140,White Feather Convention Centre,Meeting,1,2025-03-28
479,150,16:00:00,6,3,147,The Lalit Ashok Bangalore,Meeting,0,2025-03-23
480,100,17:00:00,5,2,35,White Feather Convention Centre,Presentation,1,2025-03-22
481,10,08:00:00,4,3,7,Hotel Royal Orchid,Conference,0,2025-03-07
482,100,17:00:00,5,3,27,White Feather Convention Centre,Conference,1,2025-03-29
483,150,17:00:00,0,3,135,The Lalit Ashok Bangalore,Presentation,1,2025-03-24
484,10,10:00:00,5,3,8,NIMHANS Convention Centre,Meeting,0,2025-03-22
485,10,14:00:00,4,3,10,The Lalit Ashok Bangalore,Conference,0,2025-03-28
486,200,12:00:00,5,1,72,Sheraton Grand Bangalore,Workshop,0,2025-03-29
487,50,17:00:00,6,2,5,Taj West End,Seminar,0,2025-03-02
488,10,12:00:00,5,1,5,White Feather Convention Centre,Seminar,0,2025-03-08
489,20,13:00:00,1,3,18,White Feather Convention Centre,Presentation,0,2025-03-25
490,50,09:00:00,3,1,49,Radisson Blu Atria,Seminar,1,2025-03-06
491,20,14:00:00,3,1,10,The Leela Palace Bangalore,Presentation,1,2025-03-13
492,200,16:00:00,2,2,38,The Leela Palace Bangalore,Seminar,1,2025-03-05
493,50,15:00:00,1,3,44,The Lalit Ashok Bangalore,Seminar,1,2025-03-25
494,100,09:00:00,3,2,80,J. N. Tata Auditorium,Workshop,1,2025-03-06
495,10,17:00:00,0,1,10,Sheraton Grand Bangalore,Presentation,0,2025-03-24
496,50,14:00:00,3,3,32,Hotel Royal Orchid,Presentation,0,2025-03-13
497,100,12:00:00,6,1,97,Bangalore International Exhibition Centre,Conference,0,2025-03-23
498,50,15:00:00,4,3,24,Bangalore International Exhibition Centre,Meeting,0,2025-03-07
499,100,09:00:00,0,3,70,Radisson Blu Atria,Presentation,1,2025-03-03
500,150,17:00:00,3,2,125,Bangalore International Exhibition Centre,Presentation,1,2025-03-06
