Location,Address
Sheraton Grand Bangalore,"Sheraton Grand Bangalore Hotel at Brigade Gateway, Dr. Rajkumar Road, Rajajinagara 1st R Block, Yeswanthpur, Bengaluru, Bangalore North, Bengaluru Urban, Karnataka, 560055, India"
The Lalit Ashok Bangalore,"The Lalit Ashok, Kumara Krupa Road, High Grounds, Vasanth Nagar, Bengaluru, Bangalore North, Bengaluru Urban, Karnataka, 560001, India"
Taj West End,"Taj West End, Race Course Road, Fair Field Layout, Gandhinagar, Bengaluru, Bangalore North, Bengaluru Urban, Karnataka, 560001, India"
J. N. Tata Auditorium,"J. N. Tata Auditorium, Indian Institute of Science (IISc), C. V. Raman Avenue, Malleshwaram, Bangalore, Karnataka 560012, India"
Bangalore International Exhibition Centre,"Bangalore International Exhibition Centre, Madhavara, Kudhurgere Colony, Bangalore North, Bengaluru Urban, Karnataka, 562162, India"
The Leela Palace Bangalore,"The Leela Palace Bangalore, 23, HAL Airport Road, Bengaluru, Karnataka 560008."
White Feather Convention Centre,"White Feather Convention Centre, 26th Km, Bangalore – Kanakapura Road, Near Art of Living, Bengaluru, Karnataka 560082, India"
Hotel Royal Orchid,"Hotel Royal Orchid, 1, 2nd Main Road, Amarjyothi Layout, Bengaluru, Bangalore North, Bengaluru Urban, Karnataka, 560008, India"
NIMHANS Convention Centre,"Hosur Main Road, Lakkasandra, Behind Bus Stop, Hombegowda Nagar, Bengaluru, Karnataka 560029, India"
Radisson Blu Atria,"Radisson Blu Hotel, Atria, 1, Palace Road, Fair Field Layout, Gandhinagar, Bengaluru, Bangalore North, Bengaluru Urban, Karnataka, 560001, India"
